"","space","start","end","width","peak","feature","names","strand","start_position","end_position","insideFeature","distancetoFeature","shortestDistance","fromOverlappingOrNearest","external_gene_name","V1","V2","V3","V5"
"1","1",230597948,230598155,208,"Inputs_androgen_vs_vehicle_cond2_1","ENSG00000232964","Inputs_androgen_vs_vehicle_cond2_1 ENSG00000232964","-",230592660,230595583,"upstream",-2365,2365,"NearestStart","RP11-543E8.1","1",230597948,230598155,15.07126
"2","12",43685789,43685998,210,"Inputs_androgen_vs_vehicle_cond2_2","ENSG00000257907","Inputs_androgen_vs_vehicle_cond2_2 ENSG00000257907","+",43659827,43661101,"downstream",25962,24688,"NearestStart","EEF1A1P17","12",43685789,43685998,22.31342
"3","14",44172426,44172626,201,"Inputs_androgen_vs_vehicle_cond2_3","ENSG00000259137","Inputs_androgen_vs_vehicle_cond2_3 ENSG00000259137","-",44120210,44120761,"upstream",-51665,51665,"NearestStart","RP11-305B6.1","14",44172426,44172626,6.81642
"4","17",77392288,77392491,204,"Inputs_androgen_vs_vehicle_cond2_4","ENSG00000264060","Inputs_androgen_vs_vehicle_cond2_4 ENSG00000264060","-",77396984,77397054,"downstream",4766,4493,"NearestStart","MIR4316","17",77392288,77392491,3.8302
"5","19",34939575,34939824,250,"Inputs_androgen_vs_vehicle_cond2_5","ENSG00000280106","Inputs_androgen_vs_vehicle_cond2_5 ENSG00000280106","-",34949038,34951205,"downstream",11630,9214,"NearestStart","CTC-523E23.3","19",34939575,34939824,11.95767
"6","2",53636878,53637108,231,"Inputs_androgen_vs_vehicle_cond2_6","ENSG00000207456","Inputs_androgen_vs_vehicle_cond2_6 ENSG00000207456","-",53570374,53570480,"upstream",-66398,66398,"NearestStart","RNU6-997P","2",53636878,53637108,12.81362
"7","22",22333165,22333432,268,"Inputs_androgen_vs_vehicle_cond2_7","ENSG00000211645","Inputs_androgen_vs_vehicle_cond2_7 ENSG00000211645","+",22327300,22327814,"downstream",5865,5351,"NearestStart","IGLV1-50","22",22333165,22333432,13.09582
"8","3",93470375,93470590,216,"Inputs_androgen_vs_vehicle_cond2_8","ENSG00000251727","Inputs_androgen_vs_vehicle_cond2_8 ENSG00000251727","+",93843764,93843862,"upstream",-373389,373174,"NearestStart","RNU6-488P","3",93470375,93470590,7.45878
"9","3",106454451,106454665,215,"Inputs_androgen_vs_vehicle_cond2_9","ENSG00000200610","Inputs_androgen_vs_vehicle_cond2_9 ENSG00000200610","+",106515897,106515998,"upstream",-61446,61232,"NearestStart","Y_RNA","3",106454451,106454665,8.69419
"10","4",3022835,3023143,309,"Inputs_androgen_vs_vehicle_cond2_10","ENSG00000199335","Inputs_androgen_vs_vehicle_cond2_10 ENSG00000199335","+",3044101,3044207,"upstream",-21266,20958,"NearestStart","RNU6-204P","4",3022835,3023143,7.53078
"11","KI270467.1",2361,2645,285,"Inputs_androgen_vs_vehicle_cond2_11",NA,"Inputs_androgen_vs_vehicle_cond2_11 NA","+",NA,NA,NA,NA,NA,"NearestStart",NA,"KI270467.1",2361,2645,7.18847
